<?xml version="1.0" encoding="UTF-8"?>
<beans xmlns="http://www.springframework.org/schema/beans" xmlns:xsi="http://www.w3.org/2001/XMLSchema-instance" xmlns:context="http://www.springframework.org/schema/context"
	xmlns:mvc="http://www.springframework.org/schema/mvc"
	xsi:schemaLocation="http://www.springframework.org/schema/beans http://www.springframework.org/schema/beans/spring-beans-3.0.xsd
		http://www.springframework.org/schema/context http://www.springframework.org/schema/context/spring-context-3.0.xsd
		http://www.springframework.org/schema/mvc http://www.springframework.org/schema/mvc/spring-mvc-3.0.xsd">
	
	<mvc:annotation-driven/>
	<!-- 自动扫描且只扫描@Controller -->
	<context:component-scan base-package="zhangkaix" use-default-filters="false">
		<context:include-filter type="annotation" expression="org.springframework.stereotype.Controller"/>
		<context:include-filter type="annotation" expression="org.springframework.web.bind.annotation.ControllerAdvice"/>
		<context:exclude-filter type="annotation" expression="org.springframework.stereotype.Service" />
	</context:component-scan>
	<!-- 
	<bean id="handlerMapping" class="org.springframework.web.servlet.mvc.annotation.DefaultAnnotationHandlerMapping">  
        <property name="order" value="0"/>  
        <property name="useDefaultSuffixPattern" value="false"/>  
    </bean>
    
	<mvc:resources mapping="/**" location="/" order="1"/>
	 -->
	<!-- 定义JSP文件的位置 -->
	<bean class="org.springframework.web.servlet.view.InternalResourceViewResolver">
		<property name="prefix" value="/WEB-INF/views/"/>
		<property name="suffix" value=".jsp"/>
	</bean>
	 
			
	<!-- 容器默认的DefaultServletHandler处理 所有静态内容与无RequestMapping处理的URL	-->
	<mvc:default-servlet-handler/>
	
	<!-- 静态资源映射 
    <mvc:resources mapping="/menuStatic/**" location="/WEB-INF/views/menus/static/**"/>
    -->
	
	 
	<!-- 定义无需Controller的url<->view直接映射-->
	  <mvc:view-controller path="/" view-name="index"/>
	
	<!-- 将Controller抛出的异常转到特定View, 保持SiteMesh的装饰效果 -->
	<bean class="org.springframework.web.servlet.handler.SimpleMappingExceptionResolver">  
		<property name="exceptionMappings">  
			<props>  
				<prop key="java.lang.Throwable">error/500</prop>
            </props>  
		</property>  
    </bean>
</beans>
